"A064";"ABCES AMIBIEN FOIE (HEPATIQUE)"
"A09";"GASTRO-ENTERITE AIGUE (INFECTIEUSE)"
"A162";"TUBERCULOSE PULMONAIRE SAI"
"A182";"TUBERCULOSE GANGLIONNAIRE (BACILLOSE) SAI"
"A188";"TUBERCULOSE MOELLE OSSEUSE"
"A319";"INFECTION A MYCOBACTERIUM ATYPIQUE (SAUF LEPRE ET TUBERCULOSE)"
"A369";"INFECTION A CORYNEBACTERIUM"
"A412";"SEPTICEMIE A STAPHYLOCOQUE"
"A415";"SEPTICEMIE A GRAM NEGATIF SAI"
"A418";"SEPTICEMIE A ESCHERICHIA COLI"
"A419";"CHOC SEPTIQUE (INFECTIEUX) (U1005)"
"A431";"NOCARDIOSE CUTANEE"
"A499";"INFECTION BACTERIENNE GERME NON PRECISE"
"A539";"SYPHILIS SAI"
"A600";"INFECTION DES ORGANES GENITAUX ET DE L'APPAREIL GENITO-URINAIRE PAR LE VIRUS DE L'HERPES"
"A86";"MENINGO-ENCEPHALITE VIRALE"
"B001";"HERPES LABIAL"
"B009";"INFECTION A VIRUS HERPES SAI (HERPETIQUE)"
"B029";"ZONA SAI (SANS MENTION DE COMPLICATIONS)"
"B081";"MOLLUSCUM CONTAGIOSUM"
"B171";"INFECTION A VIRUS DE L'HEPATITE C, SANS COMA HEPATIQUE"
"B182";"HEPATITE VIRALE CHRONIQUE C"
"B200";"MALADIE PAR VIH A L'ORIGINE D'UNE INFECTION MYCOBACTERIENNE"
"B203";"MALADIE PAR VIH A L'ORIGINE D'AUTRES INFECTIONS VIRALES"
"B204";"MALADIE PAR VIH A L'ORIGINE DE CANDIDOSE"
"B206";"MALADIE PAR VIH A L'ORIGINE DE PNEUMOPATHIE A PNEUMOCYSTIS"
"B208";"MALADIE PAR VIH A L'ORIGINE D'AUTRES MALADIES INFECTIEUSES ET PARASITAIRES"
"B232";"MALADIE PAR VIH A L'ORIGINE D'ANOMALIES HEMATOLOGIQUES ET IMMUNOLOGIQUES, NON CLASSEES AILLEURS"
"B24+0";"PRE-SIDA (ARC) (STADE B) SANS PRECISION"
"B24+1";"SIDA AVERE SANS PRECISION (STADE C)"
"B24+9";"INFECTION PAR LE VIH SANS PRECISION (U1072)"
"B259";"INFECTION A CYTOMEGALOVIRUS (CMV)"
"B349";"VIROSE SAI"
"B370";"INFECTION A CANDIDA (CANDIDOSE) : BOUCHE (BUCCALE - MUGUET)"
"B49";"MYCOSE GENITALE"
"B54";"PALUDISME, SANS PRECISION (U1075)"
"B582";"MENINGO-ENCEPHALITE A TOXOPLASMA"
"B59";"INFECTION A PNEUMOCYSTIS CARINII (PNEUMOCYSTOSE)"
"B780";"INFECTION A STRONGYLOIDES STERCORALIS (ANGUILLULOSE)"
"B950";"INFECTION A STREPTOCOQUE ALPHA HEMOLYTIQUE"
"B951";"INFECTION A STREPTOCOQUE AGALACTIAE"
"B953";"INFECTION A PNEUMOCOQUE"
"B956";"INFECTION A STAPHYLOCOQUE AUREUS (DORE)"
"B957";"STAPHYLOCOQUE SENSIBLE A LA METHICILLINE (S)"
"B958";"INFECTION A STAPHYLOCOQUE SAI"
"B961";"INFECTION A KLEBSIELLA SIEGE CONNU"
"B962";"INFECTION A ESCHERICHIA COLI"
"B963";"INFECTION A HAEMOPHILUS INFLUENZAE"
"B964";"INFECTION A PROTEUS MIRABILIS"
"B965";"INFECTION A PYOCYANIQUE (PSEUDOMONAS AERUGINOSA)"
"B966";"INFECTION A BACTEROIDES FRAGILIS"
"B968";"INFECTION A ENTEROBACTER"
"C069";"TUMEUR MALIGNE CAVITE BUCCALE SAI"
"C099";"TUMEUR MALIGNE AMYGDALE SAI"
"C109";"TUMEUR MALIGNE OROPHARYNX SAI"
"C119";"TUMEUR MALIGNE NASOPHARYNX (CAVUM) SAI"
"C139";"TUMEUR MALIGNE HYPOPHARYNX SAI"
"C140";"TUMEUR MALIGNE PHARYNX SAI"
"C154";"TUMEUR MALIGNE DE L'OESOPHAGE TIERS MOYEN"
"C159";"TUMEUR MALIGNE OESOPHAGE SAI"
"C169";"TUMEUR MALIGNE ESTOMAC (GASTRIQUE) SAI"
"C179";"TUMEUR MALIGNE INTESTIN GRELE SAI"
"C187";"TUMEUR MALIGNE COLON SIGMOIDE"
"C189";"TUMEUR MALIGNE COLON SAI"
"C20";"TUMEUR MALIGNE RECTUM"
"C211";"TUMEUR MALIGNE CANAL (SPHINCTER) ANAL"
"C229";"TUMEUR MALIGNE DU FOIE (HEPATIQUE), SANS PRÉCISION"
"C259";"TUMEUR MALIGNE PANCREAS SAI"
"C329";"TUMEUR MALIGNE LARYNX SAI"
"C349";"TUMEUR MALIGNE DE BRONCHE OU DU POUMON, SANS PRECISION"
"C412";"TUMEUR MALIGNE VERTEBRE (MEARY 62210)"
"C434";"MELANOME MALIN COU (MEARY 70825)"
"C435";"MELANOME MALIN DORSAL (MEARY 72313)(DOS)"
"C436";"MELANOME MALIN MEMBRE SUPERIEUR"
"C437";"MELANOME MALIN MEMBRE INFERIEUR"
"C439";"MELANOME MALIN SAI"
"C509";"TUMEUR MALIGNE SEIN CHEZ LA FEMME SAI (MEARY 76102)"
"C519";"TUMEUR MALIGNE VULVE SAI"
"C52";"TUMEUR MALIGNE VAGIN"
"C541";"TUMEUR MALIGNE DE L'ENDOMETRE UTERIN"
"C549";"TUMEUR MALIGNE CORPS UTERIN SAI"
"C61";"TUMEUR MALIGNE PROSTATE (MEARY 75024)"
"C629";"TUMEUR MALIGNE TESTICULE"
"C679";"TUMEUR MALIGNE VESSIE (PARTIE NON PRECISEE)"
"C711";"TUMEUR MALIGNE DU CERVEAU - LOBE FRONTAL"
"C713";"TUMEUR MALIGNE PRIMITIVE DU LOBE PARIETAL"
"C714";"TUMEUR MALIGNE DU LOBE OCCIPITAL"
"C719";"TUMEUR MALIGNE CEREBRALE SAI (U1043)"
"C73";"TUMEUR MALIGNE THYROIDE"
"C770";"METASTASES GANGLIONNAIRES CERVICALES"
"C774";"METASTASES GANGLIONNAIRES INGUINALES"
"C779";"METASTASES GANGLIONNAIRES, SANS PRECISION (MEARY 04992)"
"C780";"METASTASES PULMONAIRES (MEARY 04993)"
"C781";"METASTASES MEDIASTINALES"
"C782";"METASTASES PLEURALES (MEARY 72322)"
"C786";"CARCINOSE PERITONEALE"
"C787";"METASTASES HEPATIQUES"
"C788";"METASTASES ABDOMINO-PELVIENNES"
"C792";"METASTASES CUTANEES"
"C793";"METASTASE(S) CEREBRALE(S) (ENCEPHALE) (MEARY 70800)"
"C794";"METASTASES MENINGEES"
"C795";"METASTASES OSSEUSES SAI (MEARY 04994)"
"C797";"METASTASES SURRENALES"
"C798";"METASTASES SOUS-CUTANEES"
"C819";"MALADIE (LYMPHOME) DE HODGKIN SAI"
"C827";"LYMPHOME CENTROBLASTIQUE FOLLICULAIRE (DIFFUS)"
"C837";"LYMPHOME MALIN TYPE BURKITT"
"C840";"MYCOSIS FONGOIDE"
"C845";"LYMPHOME MALIN NON HODGKINIEN T"
"C851";"LYMPHOME MALIN (NON HODGKINIEN) B"
"C859";"LYMPHOME MALIN NON HODGKINIEN (LMNH)"
"C880";"MALADIE DE WALDENSTROM"
"C900";"MYELOME MULTIPLE SAI"
"C902";"PLASMOCYTOME SAI"
"C910";"LEUCEMIE AIGUE LYMPHOBLASTIQUE (LAL)"
"C911";"LEUCEMIE LYMPHOIDE CHRONIQUE (LLC)"
"C920";"LEUCEMIE MYELOIDE AIGUE (LAM)"
"C921";"LEUCEMIE MYELOIDE CHRONIQUE (LMC)"
"C925";"LEUCEMIE AIGUE MYELOMONOCYTAIRE (LAMM)"
"C927";"LEUCEMIE MYELOMONOCYTAIRE CHRONIQUE (LMMC)"
"D134";"ANGIOME HEPATIQUE (FOIE)"
"D180";"ANGIOME CAVERNEUX CEREBRAL"
"D259";"FIBROME DE L'UTERUS (UTERIN), SANS PRECISION"
"D332";"TUMEUR BENIGNE CEREBRALE SAI"
"D352";"ADENOME HYPOPHYSAIRE CORTICOTROPE"
"D448";"NEM TYPE I (NEOPLASIE ENDOCRINIENNE MULTIPLE)"
"D469";"MYELODYSPLASIE"
"D471";"MYELOFIBROSE - FIBROSE MEDULLAIRE (MOELLE OSSEUSE)"
"D472";"GAMMAPATHIE MONOCLONALE BENIGNE"
"D477";"HYPERPLASIE NODULAIRE LYMPHOIDE - HYPERPLASIE ANGIOFOLLICULAIRE"
"D500";"ANEMIE DE DEPERDITION"
"D508";"ANEMIE FERRIPRIVE PAR CARENCE ALIMENTAIRE"
"D509";"ANEMIE PAR CARENCE EN FER, SANS PRECISION (FERRIPRIVE)"
"D510";"ANEMIE DE BIERMER - MALADIE D'ADDISON-BIERMER"
"D529";"ANEMIE PAR CARENCE EN FOLATES"
"D571";"DREPANOCYTOSE"
"D599";"ANEMIE HEMOLYTIQUE ACQUISE SAI"
"D611";"APLASIE MEDULLAIRE POST-CHIMIOTHERAPIE"
"D618";"BICYTOPENIE"
"D619";"APLASIE MEDULLAIRE, SANS PRECISION"
"D62";"ANEMIE PAR DEGLOBULISATION (POST-HEMORRAGIQUE) AIGUE"
"D649";"ANEMIE AIGUE"
"D65";"COAGULOPATHIE DE CONSOMMATION"
"D66";"HEMOPHILIE A - DEFICIT EN FACTEUR VIII (8) (MEARY 02870)"
"D683";"SYNDROME DES ANTICORPS ANTI-PHOSPHOLIPIDES (ANTICOAGULANT CIRCULANT)"
"D689";"TROUBLES - ANOMALIES DE LA COAGULATION SAI (MEARY 02860)"
"D690";"PURPURA RHUMATOIDE"
"D691";"MALADIE DE GLANZMANN (THROMBASTHENIE)"
"D696";"THROMBOPENIE SAI - THROMBOCYTOPENIE SAI (MEARY 02871)"
"D70";"LEUCOPENIE"
"D721";"EOSINOPHILIE (HYPEREOSINOPHILIE)"
"D728";"HYPERLEUCOCYTOSE"
"D751";"POLYGLOBULIE SAI"
"D758";"MACROCYTOSE"
"D801";"HYPOGAMMAGLOBULINEMIE"
"D809";"DEFICIT COMMUN VARIABLE EN IMMUNOGLOBULINES"
"D849";"IMMUNODEPRESSION SAI"
"D862";"SARCOIDOSE MEDIASTINALE"
"D891";"CRYOGLOBULINEMIE"
"D892";"HYPERGAMMAGLOBULINEMIE SAI"
"D899";"MALADIE DYSIMMUNITAIRE"
"E032";"HYPOTHYROIDIE PERIPHERIQUE IATROGENE"
"E038";"HYPOTHYROIDIE ACQUISE SAI"
"E039";"HYPOTHYROIDIE SAI"
"E041";"NODULE THYROIDIEN FROID"
"E042";"GOITRE MULTINODULAIRE "
"E059";"HYPERTHYROIDIE SAI"
"E063";"THYROIDITE AUTO-IMMUNE"
"E101";"DIABETE INSULINO-DEPENDANT AVEC ACIDOCETOSE"
"E102";"DIABETE SUCRE INSULINO-DEPENDANT, AVEC COMPLICATIONS RENALES"
"E103";"DIABETE SUCRE INSULINO-DEPENDANT, AVEC COMPLICATIONS OCULAIRES"
"E104";"DIABETE SUCRE INSULINO-DEPENDANT AVEC COMPLICATIONS NEUROLOGIQUES"
"E108";"DIABETE INSULINODEPENDANT AVEC COMPLICATIONS NON PRECISEES"
"E109";"DIABETE INSULINO-REQUERANT (DIR)"
"E112";"DIABETE SUCRE NON INSULINO-DEPENDANT, AVEC COMPLICATIONS RENALES"
"E115";"DIABETE SUCRE NON INSULINO DEPENDANT, AVEC COMPLICATIONS VASCULAIRES PERIPHERIQUES"
"E116";"DIABETE SUCRE NON INSULINO-DEPENDANT, AVEC COMPLICATIONS CARDIAQUES"
"E118";"DIABETE NON INSULINODEPENDANT AVEC COMPLICATIONS NON PRECISEES"
"E119";"DIABETE NON INSULINO-DEPENDANT (FLORIDE) (SUCRE) (DNID)"
"E142";"DIABÈTE SUCRÉ, SANS PRÉCISION, AVEC COMPLICATIONS RENALES"
"E143";"DIABÈTE SUCRÉ, SANS PRÉCISION, AVEC COMPLICATIONS OCULAIRES"
"E144";"DIABÈTE SUCRÉ, SANS PRÉCISION, AVEC COMPLICATIONS NEUROLOGIQUES"
"E145";"DIABÈTE SUCRÉ, SANS PRÉCISION, AVEC COMPLICATIONS VASCULAIRES PÉRIPHÉRIQUES"
"E146";"DIABÈTE SUCRÉ, SANS PRÉCISION, AVEC COMPLICATIONS CARDIAQUES"
"E148";"DIABÈTE SUCRÉ, SANS PRÉCISION, AVEC COMPLICATIONS NON PRECISEES"
"E149";"DIABETE SUCRE SAI"
"E209";"HYPOPARATHYROIDIE SAI"
"E230";"PANHYPOPITUITARISME - INSUFFISANCE ANTEHYPOPHYSAIRE"
"E232";"DIABETE INSIPIDE"
"E250";"HYPERPLASIE DES SURRENALES (NON CONGENITALE)"
"E260";"HYPERALDOSTERONISME PRIMAIRE-SYNDROME DE CONN"
"E261";"HYPERALDOSTERONISME SECONDAIRE"
"E274";"INSUFFISANCE SURRENALIENNE CHRONIQUE"
"E282";"SYNDROME DE STEIN- LEVENTHAL ( OVAIRES POLYKYSTIQUES )"
"E46";"DENUTRITION"
"E550";"OSTEOMALACIE (MEARY 12110)"
"E559";"CARENCE EN VITAMINE D"
"E611";"CARENCE MARTIALE (SANS ANEMIE)"
"E669";"OBESITE SAI - SURCHARGE PONDERALE SAI (MEARY 04130)"
"E780";"HYPERCHOLESTEROLEMIE ESSENTIELLE"
"E781";"HYPERTRIGLYCERIDEMIE SAI"
"E782";"DYSLIPIDEMIE MIXTE TYPE IIB"
"E785";"HYPERLIPEMIE (LPA)"
"E789";"DYSLIPEMIE - DYSLIPIDEMIE SAI"
"E790";"HYPERURICEMIE"
"E802";"PORPHYRIE SAI"
"E831";"HEMOCHROMATOSE ( HYPERSIDEREMIE ) SAI"
"E835";"HYPERCALCEMIE"
"E850";"MALADIE PERIODIQUE - FIEVRE MEDITERRANEENNE FAMILIALE"
"E86";"HYPOVOLEMIE"
"E871";"HYPO-OSMOLARITE ET HYPONATREMIE (U1020)"
"E872";"ACIDOSE"
"E873";"ALCALOSE RESPIRATOIRE"
"E875";"HYPERKALIEMIE"
"E876";"HYPOKALIEMIE"
"E880";"HYPOALBUMINEMIE"
"E881";"LIPODYSTROPHIE, SANS PRECISION"
"E889";"MALADIE METABOLIQUE HEREDITAIRE SAI"
"E890";"HYPOTHYROIDIE POST CHIRURGICALE"
"F009";"MALADIE D'ALZHEIMER (DEMENCE)"
"F013";"DEMENCE MIXTE"
"F019";"DEMENCE ARTERIOPATHIQUE (VASCULAIRE)"
"F023";"DEMENCE DE LA MALADIE DE PARKINSON"
"F03";"DEMENCE, SANS PRECISION"
"F04";"TROUBLES DE LA MEMOIRE (MNESIQUES)"
"F059";"CONFUSION AIGUE"
"F067";"TROUBLE COGNITIF LEGER"
"F072";"SYNDROME CÉRÉBRAL POST-TRAUMATIQUE"
"F100";"INTOXICATION ALCOOLIQUE AIGUE"
"F102";"ALCOOLISME CHRONIQUE- EXOGENOSE - (MEARY 04090)"
"F104";"DELIRIUM TREMENS (DT) (MEARY 04100) (U1037)"
"F172";"DEPENDANCE AU TABAC - TABAGISME - ABUS DE TABAC (MEARY 04185)"
"F192";"TOXICOMANIE-DEPENDANCE DROGUE SAI (MEARY 04180)"
"F29";"PSYCHOSE SAI"
"F319";"PSYCHOSE MANIACO-DEPRESSIVE"
"F329";"EPISODE DEPRESSIF, SANS PRECISION (DEPRESSION)"
"F341";"SYNDROME ANXIO-DEPRESSIF"
"F39";"TROUBLE DE L'HUMEUR (AFFECTIF), SANS PRECISION"
"F412";"ETAT ANXIO-DEPRESSIF"
"F419";"ANXIETE"
"F444";"TROUBLES MOTEURS DISSOCIATIFS (PSYCHOMOTEURS)"
"F449";"CONVERSION HYSTERIQUE, SANS PRÉCISION"
"F500";"ANOREXIE MENTALE"
"F600";"PERSONNALITE PARANOIAQUE"
"F621";"MODIFICATION DURABLE DE LA PERSONNALITÉ APRÈS UNE MALADIE PSYCHIATRIQUE"
"F69";"TROUBLE DE LA PERSONNALITE ET DU COMPORTEMENT CHEZ L'ADULTE, SANS PRECISION"
"F700";"RETARD MENTAL LÉGER : DÉFICIENCE DU COMPORTEMENT ABSENT OU MINIME"
"F799";"RETARD MENTAL SAI (MEARY 04140)"
"F83";"TROUBLES MIXTES DU DEVELOPPEMENT (RETARD PSYCHO-MOTEUR)"
"F840";"PSYCHOSE INFANTILE SAI"
"F89";"TROUBLE DU DÉVELOPPEMENT PSYCHOLOGIQUE, SANS PRÉCISION"
"F919";"TROUBLES DU COMPORTEMENT PROLONGES DE L'ENFANT ET DE L'ADOLESCENT"
"F920";"TROUBLES DES CONDUITES AVEC DÉPRESSION"
"F959";"TICS SAI"
"F989";"TROUBLE DU COMPORTEMENT ET TROUBLE ÉMOTIONNEL APPARAISSANT HABITUELLEMENT DURANT L'ENFANCE ET L'ADOLESCENCE, SANS PRÉCISION"
"F99";"TROUBLES PSYCHIQUES (U1060)"
"G009";"EPIDURITE INFECTIEUSE"
"G051";"ENCEPHALITE, MYELITE ET ENCEPHALOMYELITE DUE AU VIRUS DE L'HERPES [HERPES SIMPLEX]"
"G052";"TOXOPLASMOSE CEREBRALE"
"G09";"SEQUELLES DE MENINGITE"
"G20";"MALADIE DE PARKINSON (MEARY 21850)"
"G243";"TORTICOLIS SPASMODIQUE (MEARY 70920)"
"G245";"BLEPHAROSPASME"
"G249";"DYSTONIES"
"G253";"MYOCLONIES"
"G258";"SYNDROME DES JAMBES SANS REPOS"
"G259";"SYNDROME EXTRAPYRAMIDAL"
"G312";"ENCEPHALOPATHIE ALCOOLIQUE (ETHYLIQUE)"
"G35";"SCLEROSE EN PLAQUES (SEP) (MEARY 21890)"
"G401";"EPILEPSIE PARTIELLE SANS TROUBLES DE LA CONSCIENCE"
"G402";"EPILEPSIE PARTIELLE SYMPTOMATIQUE"
"G403";"EPILEPSIE GENERALISEE NON CONVULSIVE SAI"
"G408";"EPILEPSIE VASCULAIRE"
"G409";"CRISE COMITIALE"
"G419";"ETAT DE MAL CONVULSIF GENERALISE (U1053)"
"G439";"MIGRAINE, SANS PRECISION (U1031)"
"G442";"CEPHALEES DE TENSION"
"G448";"CEPHALEES SYMPTOMATIQUES"
"G451";"ACCIDENT ISCHEMIQUE TRANSITOIRE (AIT) CAROTIDIEN"
"G459";"ACCIDENT VASCULAIRE CEREBRAL ( AVC )TRANSITOIRE"
"G467";"SYNDROMES LACUNAIRES CEREBRAUX, SANS PRECISION"
"G473";"SYNDROME D'APNEES DU SOMMEIL (BILAN SAS) (APNEE DU SOMMEIL CENTRALE OU OBSTRUCTIVE)"
"G479";"TROUBLES SOMMEIL SAI"
"G560";"SYNDROME DU CANAL CARPIEN SAI (MEARY 38370)"
"G563";"LESION NON TRAUMATIQUE NERF RADIAL  (MEARY 30245)"
"G572";"CRURALGIE (MEARY 40245)"
"G600";"SYNDROME DE CHARCOT-MARIE-TOOTH-HOFFMANN SAI (MEARY21901)"
"G608";"NEUROPATHIE DEMYELINISANTE CHRONIQUE (NEUROPATHIE DE LEWIS-SUMNER)"
"G629";"NEUROPATHIE PERIPHERIQUE SAI"
"G630";"NEUROPATHIE PERIPHERIQUE DUE AU VIH"
"G632";"NEUROPATHIE DIABETIQUE PERIPHERIQUE"
"G809";"INFIRMITE MOTRICE CEREBRALE SAI (MEARY 21790)"
"G819";"HEMIPARESIE SAI"
"G820";"PARAPLEGIE FLASQUE"
"G821";"PARAPARESIE SPASMODIQUE"
"G822";"PARAPLEGIE (MEARY21560)"
"G839";"DEFICIT NEUROLOGIQUE SAI"
"G900";"HYPERSENSIBILITE - SYNDROME DU SINUS CAROTIDIEN"
"G909";"DYSAUTONOMIE NEUROVEGETATIVE"
"G919";"HYDROCEPHALIE AIGUE"
"G931";"COMA PAR ANOXIE (U1006)"
"G932";"HYPERTENSION INTRACRANIENNE"
"G934";"ENCEPHALOPATHIE, SANS PRECISION"
"G950";"SYRINGOMYELIE (MEARY 21950)"
"G952";"COMPRESSION MEDULLAIRE, SANS PRECISION (MEARY 21040) (U1059)"
"G990";"PIED DIABETIQUE : TROUBLES NEURO-TROPHIQUES"
"H185";"CORNEA GUTTATA (DYSTROPHIES CORNEENNES HEREDITAIRES)"
"H193";"SYNDROME SEC OCULAIRE"
"H269";"CATARACTE SAI"
"H3200";"RETINITE - CHORIORETINITE A CYTOMEGALOVIRUS (CMV)"
"H332";"DECOLLEMENT RETINE SAI ( ET SEQUELLES DE DECOLLEMENT DE RETINE )"
"H348";"OCCLUSION VEINE CENTRALE RETINE (OVCR) SAI"
"H350";"RETINOPATHIE SAI"
"H353";"TROU MACULAIRE"
"H360";"RETINOPATHIE DIABETIQUE ISCHEMIQUE OU PREPROLIFERANTE"
"H409";"GLAUCOME SAI"
"H46";"NEVRITE OPTIQUE SAI"
"H471";"OEDEME PAPILLAIRE"
"H521";"MYOPIE"
"H539";"TROUBLES VISUELS SAI (U1190)"
"H540";"CECITE TOTALE"
"H544";"CECITE UNILATERALE TOTALE (MONOPHTALMIE)"
"H547";"DIMINUTION DE L'ACUITE VISUELLE SAI"
"H659";"OTITE MOYENNE SERO-MUQUEUSE SAI"
"H681";"DYSFONCTIONNEMENT TUBAIRE"
"H819";"SYNDROME VESTIBULAIRE SAI"
"H902";"SURDITE DE TRANSMISSION"
"H911";"PRESBYACOUSIE"
"H919";"SURDITE SAI (PERTE DE L'AUDITION SAI)"
"H931";"ACOUPHENES SAI"
"I050";"RETRECISSEMENT - STENOSE MITRALE ACQUISE"
"I080";"VALVULOPATHIE AORTIQUE ET MITRALE"
"I10";"HYPERTENSION ARTERIELLE ESSENTIELLE (HTA) SAI"
"I110";"CARDIOPATHIE HYPERTENSIVE AVEC INSUFFISANCE CARDIAQUE CONGESTIVE"
"I119";"CARDIOPATHIE HYPERTENSIVE (SANS INSUFFISANCE CARDIAQUE CONGESTIVE)"
"I129";"NEPHROANGIOSCLEROSE (NEPHROPATHIE VASCULAIRE CHRONIQUE OU HYPERTENSIVE)"
"I150";"HYPERTENSION ARTERIELLE D'ORIGINE RENALE (HTA)"
"I200";"ANGOR INSTABLE AVEC LESIONS CORONAIRES"
"I200+0";"ANGOR INSTABLE AVEC LESIONS CORONAIRES"
"I201";"SPASME CORONAIRE"
"I208";"ANGOR A CORONAIRES NORMALES"
"I209";"ANGINE DE POITRINE, SANS PRECISION (ANGOR)"
"I2108";"INFARCTUS DU MYOCARDE AIGU ANTERIEUR (AUTRES PRISES EN CHARGE)"
"I21300";"INFARCTUS TRANSMURAL (AIGU DU MYOCARDE), DE LOCALISATION NON PRECISEE,PRISE EN CHARGE INITIALE, INFARCTUS DE 24 HEURES OU MOINS"
"I2198";"INFARCTUS DU MYOCARDE (IDM) AIGU (U1134) (AUTRES PRISES EN CHARGE)"
"I248";"INSUFFISANCE CORONARIENNE - ISCHEMIE MYOCARDIQUE SAI"
"I250";"ATHEROME CARDIOVASCULAIRE"
"I251";"ATHEROSCLEROSE CORONARIENNE (ATHEROME)"
"I252";"INFARCTUS ANCIEN DU MYOCARDE (ASYMPTOMATIQUE)"
"I255";"MYOCARDIOPATHIE ISCHEMIQUE"
"I256";"ISCHEMIE MYOCARDIQUE SILENCIEUSE"
"I259";"CORONAROPATHIE CHRONIQUE SAI"
"I269";"EMBOLIE PULMONAIRE (SANS MENTION DE COEUR PULMONAIRE AIGU) (MEARY 19330) (U1093)"
"I278";"HYPERTENSION ARTERIELLE PULMONAIRE (HTAP) SECONDAIRE"
"I340";"INSUFFISANCE MITRALE SAI"
"I350";"RETRECISSEMENT AORTIQUE SAI"
"I351";"INSUFFISANCE VALVE AORTIQUE SAI"
"I371";"INSUFFISANCE VALVULAIRE PULMONAIRE"
"I38";"CARDIOPATHIE VALVULAIRE ACQUISE"
"I420";"CARDIOMYOPATHIE DILATEE PRIMITIVE SAI"
"I421";"CARDIOMYOPATHIE HYPERTROPHIQUE OBSTRUCTIVE"
"I422";"CARDIOMYOPATHIE HYPERTROPHIQUE NON OBSTRUCTIVE"
"I428";"CARDIOMYOPATHIE HYPOKINETIQUE"
"I443";"BLOC AURICULO-VENTRICULAIRE (BAV) SAI (U1140)"
"I447";"BLOC DE BRANCHE GAUCHE COMPLET"
"I459";"TROUBLES DE LA CONDUCTION CARDIAQUE, SANS PRECISION"
"I472";"TACHYCARDIE VENTRICULAIRE (TV)"
"I479";"TACHYCARDIE PAROXYSTIQUE SAI"
"I48";"FIBRILLATION AURICULAIRE, SANS PRECISION"
"I490";"FIBRILLATION VENTRICULAIRE (FV)"
"I491";"EXTRASYSTOLES AURICULAIRES"
"I493";"EXTRASYSTOLES VENTRICULAIRES"
"I495";"MALADIE DE L'OREILLETTE"
"I498";"ARYTHMIE VENTRICULAIRE"
"I499";"ARYTHMIE CARDIAQUE, SANS PRECISION (TROUBLES DU RYTHME) (U1139)"
"I500";"INSUFFISANCE CARDIAQUE GLOBALE"
"I501";"OEDEME AIGU DU POUMON (OAP) (SAI OU CARDIOGENIQUE) (U1136)"
"I509";"INSUFFISANCE CARDIAQUE CHRONIQUE"
"I513";"THROMBUS DE L'OREILLETTE GAUCHE"
"I517";"HYPERTROPHIE VENTRICULAIRE GAUCHE"
"I518";"CARDIOPATHIE POST-RADIQUE"
"I519";"CARDIOPATHIE SAI"
"I608";"HEMORRAGIE MENINGEE (U1044)"
"I609";"ANEVRISME CEREBRAL ROMPU"
"I610";"HEMATOME CAPSULO-THALAMIQUE"
"I619";"HEMORRAGIE CEREBRALE (AVC HEMORRAGIQUE) (MEARY 21161) (U1045)"
"I620";"HEMATOME SOUS-DURAL SAI"
"I639";"ACCIDENT VASCULAIRE CEREBRAL (AVC) ISCHEMIQUE SAI"
"I64";"ACCIDENT VASCULAIRE CEREBRAL (AVC) SAI (MEARY 21160)"
"I652";"STENOSE DE L'ARTERE CAROTIDE (ARTERIOPATHIE - DROITE OU GAUCHE)"
"I671";"ANEVRISME ARTERE CEREBRALE ANTERIEURE NON ROMPU"
"I672";"ATHEROSCLEROSE CEREBRALE"
"I677";"VASCULARITE CEREBRALE"
"I700";"ATHEROSCLEROSE DE L'AORTE"
"I702";"ARTERIOPATHIE ATHEROSCLEREUSE DES MEMBRES INFERIEURS"
"I708";"ARTERIOPATHIE ATHEROSCLEREUSE CAROTIDE (ATHEROME)"
"I712";"ANEVRISME DE L'AORTE ASCENDANTE (SANS MENTION DE RUPTURE)"
"I714";"ANEVRISME DE L'AORTE ABDOMINALE"
"I719";"ANEVRISME DE L'AORTE SAI (RUPTURE)"
"I730";"SYNDROME DE RAYNAUD (MEARY 18840)"
"I738";"ARTERIOPATHIE JUVENILE"
"I739";"CLAUDICATION INTERMITTENTE DU MEMBRE INFERIEUR"
"I771";"STENOSE ARTERE FEMORALE"
"I776";"ARTERITE INFLAMMATOIRE, SANS PRECISION"
"I779";"ARTERITE INFLAMMATOIRE DES MEMBRES INFERIEURS"
"I781";"ANGIOME PLAN (CUTANE)"
"I800";"PHLEBITE ET THROMBOPHLEBITE DES VEINES SUPERFICIELLES DES MEMBRES INFERIEURS"
"I802";"PHLEBITE MEMBRE INFERIEUR (MI) SAI (MEARY 19310)"
"I808";"THROMBOPHLEBITE MEMBRE SUPERIEUR SAI (MEARY 19321)"
"I822";"THROMBOSE VEINE CAVE"
"I829";"THROMBOSE PROFONDE D'UNE VEINE NON PRECISÉE"
"I830";"ULCERE VARIQUEUX (MEARY19230)"
"I831";"VARICES DES MEMBRES INFERIEURS AVEC INFLAMMATION"
"I839";"VARICES MEMBRES INFERIEURS SAI (MEARY 19220)"
"I850";"VARICES OESOPHAGIENNES HEMORRAGIQUES"
"I859";"VARICES OESOPHAGIENNES"
"I872";"INSUFFISANCE VEINEUSE PROFONDE"
"I890";"LYMPHOEDEME SECONDAIRE MEMBRE INFERIEUR"
"I898";"CHYLOTHORAX"
"I951";"HYPOTENSION ORTHOSTATIQUE"
"I959";"HYPOTENSION, SANS PRECISION"
"I971";"INSUFFISANCE CARDIAQUE APRES CHIRURGIE CARDIAQUE"
"J00";"RHINOPHARYNGITE AIGUE"
"J010";"SINUSITE MAXILLAIRE AIGUE"
"J069";"INFECTIONS ORL MULTIPLES A REPETITION"
"J159";"PNEUMONIE BACTERIENNE LOBAIRE AIGUE"
"J173";"PNEUMOPATHIE A PNEUMOCYSTIS CARINII (PNEUMOCYSTOSE)"
"J180";"BRONCHOPNEUMOPATHIE AIGUE SAI"
"J188";"PNEUMOPATHIE NOSOCOMIALE"
"J189";"INFECTION PULMONAIRE SAI"
"J209";"BRONCHITES RECIDIVANTES"
"J219";"BRONCHIOLITE AIGUE"
"J303";"RHINITE ALLERGIQUE - ALLERGIE A LA POUSSIERE"
"J304";"RHINITE ALLERGIQUE SAI"
"J310";"RHINITE CHRONIQUE SAI"
"J329";"SINUSITE CHRONIQUE SAI"
"J339";"POLYPE NASAL SAI (NEZ)"
"J348";"RHINORRHEE"
"J352";"HYPERTROPHIE DES VEGETATIONS ADENOIDES"
"J380";"PARALYSIE RECURRENTIELLE"
"J398";"COMPRESSION TRACHEALE"
"J40";"BRONCHITE SAI"
"J42";"BRONCHITE CHRONIQUE SAI"
"J439";"EMPHYSEME (SAI OU PULMONAIRE)"
"J448";"BRONCHITE - BRONCHOPNEUMOPATHIE CHRONIQUE OBSTRUCTIVE (BPCO)"
"J450";"ASTHME ALLERGIQUE"
"J459";"CRISE D'ASTHME"
"J47";"DILATATION DES BRONCHES (DDB)(BRONCHECTASIE)"
"J690";"PNEUMOPATHIE D'INHALATION"
"J80";"SYNDROME DE DETRESSE RESPIRATOIRE AIGU (SDRA) (U1101)"
"J841";"FIBROSE PULMONAIRE"
"J849";"SYNDROME INTERSTITIEL PULMONAIRE"
"J860";"FISTULE BRONCHO-PLEURALE"
"J90";"EPANCHEMENT PLEURAL D'ORIGINE INFLAMMATOIRE, NON CLASSE AILLEURS"
"J939";"PNEUMOTHORAX, SANS PRECISION (U1097)"
"J942";"HEMOTHORAX SAI"
"J960";"DECOMPENSATION RESPIRATOIRE"
"J961+0";"INSUFFISANCE RESPIRATOIRE CHRONIQUE (IRC) OBSTRUCTIVE"
"J961+1";"INSUFFISANCE RESPIRATOIRE CHRONIQUE (IRC) RESTRICTIVE"
"J969";"INSUFFISANCE RESPIRATOIRE, SANS PRECISION"
"K089";"MALADIE DES DENTS ET DES GENCIVES SAI"
"K132";"LEUCOPLASIE ORALE CHEVELUE"
"K20";"OESOPHAGITE SAI"
"K219";"REFLUX GASTRO-OESOPHAGIEN"
"K222";"STENOSE OESOPHAGE (CARDIA)"
"K228";"ENDOBRACHYOESOPHAGE ACQUIS"
"K251";"ULCERE GASTRIQUE AIGUE AVEC PERFORATION"
"K259";"ULCERE GASTRIQUE SAI"
"K264";"ULCERE DUODENAL CHRONIQUE  AVEC HEMORRAGIE"
"K269";"ULCERE BULBE DUODENAL SAI"
"K290";"GASTRITE AIGUE HEMORRAGIQUE"
"K295";"GASTRITE CHRONIQUE"
"K297";"GASTRITE SAI"
"K30";"DYSPEPSIE (SYNDROME DYSPEPTIQUE)"
"K389";"MALADIE DE L'APPENDICE, SANS PRECISION (SYNDROME APPENDICULAIRE)"
"K409";"HERNIE INGUINALE"
"K419";"HERNIE CRURALE"
"K429";"HERNIE OMBILICALE"
"K439";"EVENTRATION ABDOMINALE"
"K449";"HERNIE HIATALE - DIAPHRAGMATIQUE SAI"
"K500";"MALADIE DE CROHN INTESTIN GRELE"
"K501";"MALADIE DE CROHN DU COLON"
"K509";"MALADIE DE CROHN SAI"
"K519";"RECTOCOLITE HEMORRAGIQUE (RCH)"
"K529";"DIARRHEE SAI"
"K559";"ISCHEMIE DU GRELE (ENTERITE ISCHEMIQUE)"
"K566";"SUBOCCLUSION (INTESTINALE)"
"K573";"DIVERTICULOSE SIGMOIDIENNE"
"K589";"COLOPATHIE FONCTIONNELLE"
"K590";"CONSTIPATION (REBELLE, CHRONIQUE)"
"K598";"SYNDROME DE KONIG - SUBOCCLUSION INTESTINALE"
"K599";"TROUBLE FONCTIONNEL DE L'INTESTIN, SANS PRECISION"
"K602";"FISSURE ANALE ISOLEE"
"K610";"ABCES ANAL"
"K621";"POLYPE RECTAL (RECTUM)"
"K624";"STENOSE RECTALE POST-OPERATOIRE (RECTUM)"
"K625";"RECTORRAGIE"
"K626";"ULCERATION RECTALE"
"K627";"RECTITE POST-RADIQUE"
"K628";"PROCTALGIES SAI (DOULEURS ANALES)"
"K633";"ULCERE COLON"
"K635";"POLYPES MULTIPLES DU COLON"
"K638";"MUCITE"
"K650";"ABCES INTRA-ABDOMINAL (MEARY 73273)"
"K659";"PERITONITE, SANS PRECISION (U1118)"
"K700";"CIRRHOSE ALCOOLIQUE GRAISSEUSE DU FOIE (STEATOSE HEPATIQUE ALCOOLIQUE)"
"K701";"HEPATITE ALCOOLIQUE CHRONIQUE"
"K703";"CIRRHOSE ALCOOLIQUE (DU FOIE)"
"K716";"HEPATITE TOXIQUE - MEDICAMENTEUSE"
"K720";"INSUFFISANCE HEPATIQUE AIGUE"
"K729";"INSUFFISANCE HEPATO-CELLULAIRE"
"K739";"HEPATOPATHIE CHRONIQUE NON INFECTIEUSE"
"K740";"FIBROSE HEPATIQUE"
"K744";"CIRRHOSE BILIAIRE SECONDAIRE"
"K746";"CIRRHOSE MIXTE (ALCOOL-VIRUS)"
"K754";"HEPATITE AUTO-IMMUNE"
"K766";"HYPERTENSION PORTALE"
"K767";"SYNDROME HEPATO-RENAL"
"K802";"LITHIASE VESICULAIRE"
"K805";"COLIQUE HEPATIQUE"
"K830";"ANGIOCHOLITE SAI"
"K831";"CHOLESTASE AVEC ICTERE"
"K85";"PANCREATITE AIGUE (MEARY 73275) (U1117)"
"K861";"PANCREATITE CHRONIQUE"
"K862";"KYSTE OU FAUX KYSTE DU PANCREAS"
"K868";"INSUFFISANCE PANCREATIQUE EXTERNE (EXOCRINE)"
"K909";"MALABSORPTION INTESTINALE SAI"
"K912";"INTESTIN GRELE COURT POST-OPERATOIRE"
"K918";"PHARYNGOSTOMIE"
"K920";"HEMATEMESE"
"K921";"MELAENA (MELENA)"
"K922";"HEMORRAGIE DIGESTIVE D'ORIGINE HAUTE"
"L023";"ABCES CUTANE, FURONCLE ET ANTHRAX DE LA FESSE"
"L029";"ABCES CUTANE OU SOUS-CUTANE, FURONCLE OU ANTHRAX, SANS PRECISION (MEARY 16720)"
"L031";"ABCES-PHLEGMON JAMBE (MEARY 48320)"
"L049";"ADENITE AIGUE (MEARY 19791)"
"L089";"INFECTION CUTANEE SAI (MEARY 16700)"
"L209";"DERMATITE ATOPIQUE"
"L299";"PRURIT SAI"
"L301";"DYSHIDROSE PALMO-PLANTAIRE"
"L304";"INTERTRIGO"
"L309";"ECZEMA SAI"
"L405";"PSORIASIS AVEC ATTEINTE ARTICULAIRE"
"L409";"PSORIASIS SAI"
"L439";"LICHEN PLAN"
"L509";"URTICAIRE SAI"
"L52";"ERYTHEME NOUEUX"
"L539";"ERYTHEME SAI"
"L571";"ACTINORETICULOSE"
"L680";"HIRSUTISME IDIOPATHIQUE"
"L721";"KYSTE SEBACE SAI (MEARY 16521)"
"L739";"FOLLICULITE SAI"
"L80";"VITILIGO"
"L853";"XERODERMIE (DERMITE A PEAU SECHE)"
"L859";"HYPERKERATOSE SAI"
"L88";"PYODERMA GANGRENOSUM"
"L89";"ESCARRES DE DECUBITUS (MEARY 16340)"
"L910";"CICATRICE CHELOIDE (MEARY 16250)"
"L982";"DERMATOSE NEUTROPHILIQUE"
"L984";"ULCERE DE JAMBE CHEZ UN DIABETIQUE"
"M0099";"ARTHRITE - OSTEOARTHRITE INFECTIEUSE SAI (MEARY 13840)"
"M0239";"ARTHRITE REACTIONNELLE (OLIGO-ARTHRITE B27 - REITER)"
"M069";"POLYARTHRITE RHUMATOIDE (PR) (MEARY 14260)"
"M0739";"ARTHROPATHIES (RHUMATISME) PSORIASIQUES, SIEGE NON PRECISE"
"M1099";"GOUTTE SAI"
"M112";"CHONDROCALCINOSE"
"M1309";"POLYARTHRITE, SANS PRECISION"
"M1319";"ARTHRITE SAI (MEARY14370)"
"M1396";"ARTHRITE - OSTEOARTHRITE DU GENOU (MEARY 47030)"
"M1399";"RHUMATISME INFLAMMATOIRE, SANS PRECISION (MEARY 14250)"
"M159";"ARTHROSE GENERALISEE (DIFFUSE) SAI"
"M179";"GONARTHROSE SAI (GENOU) (MEARY 47210)"
"M1999";"ARTHROSE SAI (MEARY 14090)"
"M201";"HALLUX VALGUS ACQUIS SAI (MEARY 52990)"
"M205";"ORTEILS EN GRIFFE ACQUIS (MEARY 53120)"
"M233";"SEQUELLES DE MENISCECTOMIE (MEARY 46660)"
"M2509";"HEMARTHROSE, SANS PRECISION"
"M2559";"DOULEURS ARTICULAIRES SAI"
"M316";"MALADIE DE HORTON"
"M329";"LUPUS ERYTHEMATEUX SYSTEMIQUE AIGU"
"M339";"DERMATOPOLYMYOSITE"
"M352";"MALADIE DE BEHCET"
"M353";"PSEUDO-POLYARTHRITE RHIZOMELIQUE (PPR)"
"M402";"CYPHOSE SAI (MEARY 63320)"
"M45+9";"SPONDYLARTHRITE ANKYLOSANTE (MEARY 14270 + 63990)"
"M4639";"SPONDYLODISCITE INFECTIEUSE SAI (MEARY 62460)"
"M4649";"SPONDYLODISCITE SAI (MEARY 63970)"
"M4699";"SPONDYLARTHROPATHIE INFLAMMATOIRE SAI (MEARY 63970)"
"M4782";"CERVICARTHROSE AVEC MYELOPATHIE (MEARY 21010 + 63610)"
"M4806";"CANAL ETROIT RACHIS LOMBAIRE ACQUIS (L3 A L5) (MEARY 62133)"
"M485";"TASSEMENT VERTÉBRAL, NON CLASSÉ AILLEURS"
"M4859";"TASSEMENT VERTEBRAL NON TRAUMATIQUE, SIEGE NON PRECISE (MEARY 09520)"
"M518";"SEQUELLES HERNIE DISCALE OPEREE"
"M519";"HERNIE DISCALE LOMBAIRE SANS MYELOPATHIE"
"M5326";"INSTABILITE CHRONIQUE RACHIS LOMBAIRE ET LOMBOSACRE SAI (MEARY 62165)"
"M543";"LOMBO-SCIATIQUE SAI"
"M545";"LOMBALGIE BASSE (RACHIALGIE LOMBAIRE) (MEARY 63690)"
"M549";"RACHIALGIE SAI (MEARY63560)"
"M62890";"RHABDOMYOLYSE (MEARY 17145) (U1014)"
"M6627";"RUPTURE SPONTANEE TENDON CALCANEEN - TENDON D'ACHILLE (MEARY 51105)"
"M720";"MALADIE DE DUPUYTREN (MEARY 38350)"
"M750";"PERIARTHRITE SCAPULO-HUMERALE SAI (MEARY 32520)"
"M751";"SYNDROME DE LA COIFFE DES ROTATEURS (EPAULE) (MEARY 32531)"
"M758";"DOULEUR EPAULE"
"M766";"TENDINOPATHIE D'ACHILLE (ACHILLEITE) (MEARY 52030)"
"M7712";"EPICONDYLITE BRAS LATERALE (MEARY 34450)"
"M7909";"FIBROMYALGIE"
"M7919";"DOULEURS MUSCULAIRES - MYALGIES, SIEGE NON PRECISE"
"M7929";"DOULEUR NEUROGENE, SANS PRÉCISION - SIÈGE NON PRÉCISÉ"
"M80001";"MICRO-CARCINOME"
"M80103";"CARCINOME SAI (ANAPATH)"
"M80313";"CARCINOME NON A PETITES CELLULES (ANAPATH)"
"M80323";"CARCINOME A CELLULES FUSIFORMES PSEUDOSARCOMATOIDES (ANAPATH)"
"M80413";"CARCINOME ANAPLASIQUE A PETITES CELLULES (ANAPATH)"
"M80703";"CARCINOME EPIDERMOIDE (SPINO-CELLULAIRE) (ANAPATH)"
"M80903";"CARCINOME BASO-CELLULAIRE SAI (ANAPATH)"
"M8098";"OSTEOPOROSE SANS PRECISION, AVEC FRACTURE PATHOLOGIQUE - COLONNE VERTEBRALE (RACHIS)"
"M81203";"CARCINOME UROTHELIAL (ANAPATH)"
"M81403";"ADENOCARCINOME SAI (ANAPATH)"
"M81443";"ADENOCARCINOME LIEBERKUHNIEN (ANAPATH)"
"M8149";"OSTEOPOROSE CORTISONIQUE - SIEGE NON PRECISE (MEARY 12560)"
"M81703";"CARCINOME HEPATO-CELLULAIRE (ANAPATH)"
"M8189";"OSTEOPOROSE POST-TRAUMATIQUE - SIEGE NON PRECISE (MEARY 01300)"
"M8198";"OSTEOPOROSE, SANS PRECISION - COLONNE VERTEBRALE (RACHIS)"
"M8199";"OSTEOPOROSE, SANS PRECISION - SIEGE NON PRECISE (MEARY 12500)"
"M82603";"ADENOCARCINOME PAPILLAIRE SAI (ANAPATH)"
"M8415";"CAL VICIEUX EXTREMITE DISTALE DU FEMUR (MEARY 46141)"
"M8416";"PSEUDARTHROSE ACQUISE TIBIA (MEARY 46280)"
"M8448";"FRACTURE PATHOLOGIQUE COTES (MEARY 09520)"
"M850";"DYSPLASIE FIBREUSE (OS)"
"M8696";"OSTEITE DU TIBIA ( MEARY 48326 )"
"M8705";"OSTEONECROSE ASEPTIQUE HANCHE NON TRAUMATIQUE (MEARY 44220)"
"M87203";"MELANOME MALIN SAI (ANAPATH)"
"M87213";"MELANOME NODULAIRE (ANAPATH)"
"M87433";"SSM (ANAPATH)"
"M88003";"SARCOME SAI (ANAPATH)"
"M88600";"ANGIOMYOLIPOME (ANAPATH)"
"M889";"MALADIE OSSEUSE DE PAGET SAI (MEARY 12220)"
"M890";"ALGODYSTROPHIE - ALGONEURODYSTROPHIE SAI (MEARY 21380)"
"M89003";"RHABDOMYOSARCOME SAI (ANAPATH)(MEARY 17075)"
"M91200";"HEMANGIOME - ANGIOME BENIN SAI (ANAPATH)"
"M91403";"SARCOME DE KAPOSI (ANAPATH) (MEARY 16650)"
"M92203";"CHONDROSARCOME SAI (ANAPATH)(MEARY 10240)"
"M92603";"SARCOME D'EWING (ANAPATH) (MEARY 10260)"
"M93803";"GLIOME (ANAPATH)"
"M93823";"OLIGO-ASTROCYTOME ANAPLASIQUE"
"M94403";"GLIOBLASTOME SAI (ANAPATH)"
"M95913";"LYMPHOME MALIN NON HODGKINIEN (ANAPATH)"
"M96903";"LYMPHOME FOLLICULAIRE (ANAPATH)"
"M97003";"MYCOSIS FONGOIDE (ANAPATH)"
"M97313";"PLASMOCYTOME (ANAPATH)"
"N001";"HYALINOSE SEGMENTAIRE ET FOCALE"
"N029";"NEPHROPATHIE A IGA (MALADIE DE BERGER)"
"N059";"GLOMERULONEPHRITE SAI"
"N083";"GLOMERULOPATHIE DIABETIQUE"
"N10";"NEPHRITE TUBULO-INTERSTITIELLE AIGUE (PYELONEPHRITE AIGUE)"
"N12";"PYELONEPHRITE SAI"
"N135";"FIBROSE RETROPERITONEALE SECONDAIRE"
"N170";"INSUFFISANCE RENALE AIGUE AVEC NECROSE TUBULAIRE RENALE (IRA)"
"N178";"INSUFFISANCE RENALE AIGUE FONCTIONNELLE"
"N179";"INSUFFISANCE RENALE AIGUE (IRA), SANS PRECISION (U1180)"
"N180";"INSUFFISANCE RENALE CHRONIQUE TERMINALE"
"N188";"INSUFFISANCE RENALE CHRONIQUE D'ORIGINE MEDICAMENTEUSE (IRC)"
"N189";"INSUFFISANCE RENALE CHRONIQUE, SANS PRECISION (IRC) (MEARY 04121) (U1181)"
"N19";"INSUFFISANCE RENALE SAI"
"N200";"LITHIASE RENALE"
"N201";"LITHIASE URETERE PELVIEN"
"N209";"LITHIASE URINAIRE"
"N210";"LITHIASE VESICALE (VESSIE)"
"N23";"COLIQUE NEPHRETIQUE, SANS PRECISION (U1183)"
"N250";"OSTEODYSTROPHIE RENALE (MEARY12060)"
"N259";"TUBULOPATHIE"
"N289";"NEPHROPATHIE SAI"
"N300";"CYSTITE AIGUE (VESSIE)"
"N319";"VESSIE NEUROGENIQUE (NEUROLOGIQUE)"
"N328";"TROUBLES SPHINCTERIENS URINAIRES SAI (D'ORIGINE VESICALE)"
"N342";"URETRITE SAI"
"N390";"INFECTION URINAIRE (SIEGE NON PRECISE)  (MEARY 74025)"
"N40";"ADENOME PROSTATIQUE (MEARY 75023)"
"N433";"HYDROCELE SAI"
"N604";"ECTASIE CANAL (CANAUX) GALACTOPHORE(S) (SEIN)"
"N61";"ABCES-PHLEGMON (GLANDE MAMMAIRE, MAMELON, SEIN)"
"N62";"GYNECOMASTIE"
"N709";"SALPINGITE, SANS PRECISION"
"N736";"ADHERENCES PELVIENNES (PERITONEALES) D'ORIGINE INFLAMMATOIRE"
"N743";"PELVIPERITONITE AVEC SALPINGITE GONOCOCCIQUE"
"N811";"CYSTOCELE (PROLAPSUS VESSIE) CHEZ LA FEMME"
"N832";"KYSTE OVAIRE (OVARIEN) SAI"
"N838";"DYSTROPHIE OVAIRE"
"N840";"POLYPE UTERUS"
"N857";"HEMATOMETRIE"
"N879";"DYSPLASIE DU COL UTERIN"
"N898";"LEUCORRHEE SAI"
"N920";"MENORRAGIE"
"N921";"METRORRAGIE"
"N939";"HEMORRAGIE GENITALE SAI"
"N941";"DYSPAREUNIE SAI"
"N948";"ALGIES (DOULEURS) PELVIENNES (FEMME)"
"N951";"MENOPAUSE SAI"
"N96";"ANTECEDENTS D'AVORTEMENTS MULTIPLES"
"N970";"STÉRILITÉ D'ORIGINE OVARIENNE"
"N974";"STÉRILITÉ CHEZ LA FEMME LIÉE AU CONJOINT MASCULIN AVEC PMA"
"N979";"STÉRILITÉ DE LA FEMME, SANS PRÉCISION (INFERTILITÉ)"
"O049";"INTERRUPTION VOLONTAIRE GROSSESSE (IVG)"
"O149";"TOXEMIE GRAVIDIQUE"
"O210";"VOMISSEMENTS BENINS DEBUT GROSSESSE (< 22 SA)"
"O223";"THROMBOPHLEBITE PELVIENNE ANTE-PARTUM (THROMBOSE VEINEUSE PROFONDE)"
"O243";"GROSSESSE CHEZ DIABETIQUE"
"O244";"DIABETE GESTATIONNEL SAI"
"O269";"GROSSESSE COMPLIQUEE SAI"
"O300";"GROSSESSE MULTIPLE : JUMEAUX"
"O322";"PRESENTATION TRANSVERSE (MERE)"
"O331";"BASSIN RETRECI"
"O342";"UTERUS CICATRICIEL CHEZ FEMME ENCEINTE"
"O365";"SOINS MATERNELS POUR CROISSANCE INSUFFISANTE DU FOETUS (HYPOTROPHIE, RETARD DE CROISSANCE INTRA-UTERIN,...)"
"O429";"RUPTURE PREMATUREE MEMBRANES, SANS PRÉCISION"
"O441";"PLACENTA PRAEVIA AVEC HEMORRAGIE"
"O470";"MENACE D'ACCOUCHEMENT PREMATURE (MAP) [FAUX TRAVAIL AVANT 37 SEMAINES ENTIERES DE GESTATION]"
"O471";"FAUX TRAVAIL SUPERIEUR OU EGAL A 37 SA"
"O48";"GROSSESSE PROLONGEE - TERME DEPASSE (>42 SEM)"
"O60";"ACCOUCHEMENT PREMATURE (< 37 SA)"
"O610";"ECHEC DECLENCHEMENT PAR OCYTOCIQUES"
"O621";"STAGNATION - ARRET DE DILATATION DU COL UTERIN PENDANT LE TRAVAIL (GROSSESSE)"
"O631";"PERIODE EXPULSION PROLONGEE - NON PROGRESSION DE LA PRESENTATION FOETALE"
"O649";"DYSTOCIE DE PRESENTATION"
"O680";"TRAVAIL ET ACCOUCHEMENT COMPLIQUES D'UNE ANOMALIE DU RYTHME CARDIAQUE DU FOETUS"
"O720";"HEMORRAGIE DELIVRANCE PENDANT L'ACCOUCHEMENT"
"O730";"RETENTION DU PLACENTA SANS HEMORRAGIE"
"O752";"PYREXIE (HYPERTHERMIE) MATERNELLE AU COURS DU TRAVAIL"
"O759";"ACCOUCHEMENT COMPLIQUE SAI"
"O813";"ACCOUCHEMENT PAR FORCEPS, SANS PRECISION"
"O821";"ACCOUCHEMENT (UNIQUE) PAR CESARIENNE D'URGENCE"
"O864";"HYPERTHERMIE (D'ORIGINE INCONNUE), APRES ACCOUCHEMENT"
"O989";"INFECTION MATERNO-FOETALE COMPLIQUANT LA GROSSESSE, SANS PRECISION (MERE)"
"P015";"NOUVEAU-NE AFFECTE PAR UNE GROSSESSE GEMELLAIRE"
"P059";"RETARD DE CROISSANCE INTRA-UTERIN (RCIU) SAI"
"P071";"POIDS FAIBLES A LA NAISSANCE (DE 1000 À 2499 G)"
"P073";"PREMATURITE  [ >= 33  ;  < 37 ] SEMAINES"
"P081";"MACROSOMIE NEO-NATALE POUR LE TERME (INF A 4500G) EN L'ABSENCE DE DIABETE MATERNEL"
"P220";"MALADIE DES MEMBRANES HYALINES (MMH) (NOUVEAU-NE)"
"P700";"MACROSOMIE LIÉ A UN DIABETE GESTATIONNEL"
"P835";"HYDROCELE CONGENITALE"
"Q049";"MALFORMATION CEREBRALE SAI"
"Q054";"SPINA BIFIDA AVEC HYDROCEPHALIE (MEARY 61850)"
"Q059";"SPINA BIFIDA SAI (MEARY 61850)"
"Q210";"COMMUNICATION INTER-VENTRICULAIRE (CIV)"
"Q211";"COMMUNICATION INTER-AURICULAIRE (CIA)"
"Q213";"TETRALOGIE DE FALLOT"
"Q222";"INSUFFISANCE VALVE PULMONAIRE CONGENITALE"
"Q231";"BICUSPIDIE AORTIQUE"
"Q255";"ATRESIE PULMONAIRE A SEPTUM OUVERT"
"Q320";"TRACHEOMALACIE CONGENITALE"
"Q438";"DOLICHOCOLON ( MEGADOLICHOCOLON )"
"Q600";"AGENESIE DU REIN UNILATERALE"
"Q851";"SCLEROSE TUBEREUSE DE BOURNEVILLE (MEARY 20580)"
"Q872";"SYNDROME DE HOLT-ORAM"
"R000";"TACHYCARDIE SAI"
"R008";"SYNDROME X (SYNDROME CHAOS)"
"R011";"SOUFFLE CARDIAQUE (ET OU CAROTIDIEN ) SAI"
"R040";"EPISTAXIS (HEMORRAGIE NASALE)"
"R042";"HEMOPTYSIE"
"R060";"DYSPNEE SAI"
"R068";"SYNDROME DE RESISTANCE DES VOIES AERIENNES SUPERIEURES"
"R073";"DOULEUR THORACIQUE PARIETALE"
"R074";"DOULEURS THORACIQUES, SANS PRECISION (U1099)"
"R091";"PLEURESIE (SANS EPANCHEMENT)"
"R092";"ARRET CARDIO-RESPIRATOIRE"
"R100";"DOULEURS ABDOMINALES AIGUES"
"R101";"DOULEURS EPIGASTRIQUES SAI"
"R104";"DOULEURS ABDOMINALES CHRONIQUES"
"R11";"NAUSEES"
"R12";"PYROSIS"
"R13";"DYSPHAGIE"
"R15";"INCONTINENCE ANALE"
"R160";"HEPATOMEGALIE"
"R161";"SPLENOMEGALIE"
"R17";"ICTERE SAI"
"R18";"DECOMPENSATION OEDEMATO-ASCITIQUE D'UNE CIRRHOSE (U1119)"
"R194";"TROUBLES TRANSIT INTESTINAL"
"R202";"PARESTHESIES"
"R208";"DYSESTHESIES - PARESTHESIES"
"R230";"CYANOSE"
"R238";"RIDE CUTANEE"
"R252";"HEMISPASME FACIAL"
"R262";"TROUBLE DE LA MARCHE"
"R268";"TROUBLES DE LA DEMARCHE SAI"
"R2680";"CHUTES A REPETITION"
"R290";"SPASMOPHILIE"
"R31";"HEMATURIE SAI (MEARY 74019)"
"R32";"INCONTINENCE URINAIRE SAI"
"R33";"GLOBE VESICAL"
"R34";"ANURIE"
"R35";"POLLAKIURIE"
"R398";"DYSFONCTIONNEMENT VESICO-SPHINCTERIEN"
"R402";"COMA POST-OPERATOIRE"
"R410";"DESORIENTATION TEMPORO-SPATIALE (NON PSYCHOGÈNE)"
"R42";"VERTIGE SAI"
"R443";"HALLUCINATIONS, SANS PRÉCISION"
"R451";"AGITATION"
"R470";"APHASIE SAI"
"R471";"DYSARTHRIE"
"R490";"DYSPHONIE"
"R501";"FIEVRE PROLONGEE"
"R509";"HYPERTHERMIE SAI (U1009)"
"R51";"CEPHALEE (U1306)"
"R522";"DOULEUR CHRONIQUE SAI"
"R53+0";"ALTERATION [BAISSE] DE L'ETAT GENERAL"
"R53+2";"FATIGUE [ASTHENIE]"
"R55";"PERTE DE CONNAISSANCE BREVE (DE 0 A 60 MINUTES)"
"R568";"CRISE CONVULSIVE - CONVULSIONS, SANS PRECISION"
"R570";"CHOC CARDIOGENIQUE (U1022)"
"R571";"CHOC HYPOVOLEMIQUE (U1023)"
"R579";"COLLAPSUS CARDIO-VASCULAIRE"
"R590";"ADENOPATHIE REGION AXILLAIRE SAI"
"R591";"POLYADENOPATHIE SAI"
"R599";"ADENOPATHIE, SANS PRECISION (MEARY 19850)"
"R600";"OEDEME MEMBRES INFERIEURS SAI"
"R628";"RETARD STATURO-PONDERAL"
"R630";"ANOREXIE"
"R631";"POLYDIPSIE"
"R633";"PROBLEME ALIMENTAIRE CHEZ L'ENFANT"
"R634";"AMAIGRISSEMENT (PERTE DE POIDS)"
"R64";"CACHEXIE"
"R700";"SYNDROME INFLAMMATOIRE BIOLOGIQUE"
"R730";"INTOLERANCE AU GLUCOSE (ITG)"
"R739";"HYPERGLYCEMIE, SANS PRECISION"
"R740";"CYTOLYSE HEPATIQUE"
"R748";"ELEVATION DES PSA"
"R749";"ELEVATION DES GAMMA GT"
"R768";"SUJET HLA B27 POSITIF"
"R778";"HYPERFERRITINEMIE"
"R80";"PROTEINURIE"
"R91";"IMAGE RADIOLOGIQUE PULMONAIRE ANORMALE (TACHE, OMBRE...)"
"R932";"IMAGE RADIOLOGIQUE ANORMALE HEPATIQUE (FOIE)"
"S009";"LESION TRAUMATIQUE SUPERFICIELLE DE LA TETE, PARTIE NON PRECISEE"
"S0221";"FRACTURE OUVERTE OS PROPRES DU NEZ (OPN) (MEARY 70520) (U35)"
"S0230";"FRACTURE FERMEE DU PLANCHER DE L'ORBITE (MEARY 70530)"
"S0240";"FRACTURE FERMEE DU MAXILLAIRE SUPERIEUR (MEARY 70515)"
"S056";"PLAIE GLOBE OCULAIRE (OEIL) SAI (U37)"
"S060";"COMMOTION CÉRÉBRALE"
"S0600";"TRAUMATISME CRANIEN SANS PERTE DE CONNAISSANCE OU PERTE DE CONNAISSANCE  INITIALE, SANS PLAIE OUVERTE"
"S0620";"LESION TRAUMATIQUE (CONTUSION) CEREBRALE DIFFUSE, SANS PLAIE INTRACRANIENNE (U13)"
"S0621";"CONTUSION CEREBRALE AVEC PLAIE CEREBRALE (SANS FRACTURE DU CRANE - MEARY 70382)"
"S0630";"LESION TRAUMATIQUE CEREBRALE EN FOYER, SANS PLAIE INTRACRANIENNE (U11)"
"S0690";"TRAUMATISME CRANIEN MODERE"
"S1270";"FRACTURES FERMEES MULTIPLES DU RACHIS CERVICAL"
"S134";"ENTORSE ET FOULURE DU RACHIS CERVICAL (MEARY 61125) (U180)"
"S2230";"FRACTURE FERMEE DE COTE"
"S2240";"FRACTURE MULTIPLES DE COTES FERMEE (MEARY 72151) (U60)"
"S2700";"PNEUMOTHORAX D'ORIGINE TRAUMATIQUE, SANS PLAIE INTRATHORACIQUE (U68)"
"S2730";"LESION PULMONAIRE (POUMON), SANS PLAIE OUVERTE DE LA CAVITE THORACIQUE (U65)"
"S301";"CONTUSION - HEMATOME DE LA PAROI ABDOMINALE (MEARY 73130) (U505A)"
"S311";"PLAIE OUVERTE DE LA PAROI ABDOMINALE"
"S3200";"FRACTURE STABLE FERMEE DU CORPS D'UNE VERTEBRE LOMBAIRE (MEARY 61285)"
"S3600";"LESION TRAUMATIQUE DE LA RATE, SANS PLAIE PENETRANTE DE LA CAVITE ABDOMINALE (U114)"
"S4200";"FRACTURE FERMEE DE LA CLAVICULE (MEARY 31290) (U250F)"
"S4210";"FRACTURE FERMEE DE L'OMOPLATE (SCAPULA) (MEARY 31260) (U251F)"
"S4230";"FRACTURE FERMEE DE LA DIAPHYSE DE L'HUMERUS (MEARY 32901) (U253DF)"
"S430";"LUXATION POSTERIEURE SIMPLE EPAULE (MEARY 32260)"
"S5201";"FRACTURE DU COUDE OUVERTE, SANS PRECISION"
"S6210";"FRACTURE (POIGNET) MASSIF CARPIEN FERMEE (MEARY 36620)"
"S6230";"FRACTURE COL 5EME METACARPIEN SAI (MEARY 36829)"
"S6260";"FRACTURE PHALANGE (DOIGTS) FERMEE (MEARY 36850)"
"S644";"LESION TRAUMATIQUE NERFS DIGITAUX (MEARY 30290)"
"S670";"ECRASEMENT DOIGTS (MEARY 37801)"
"S697";"PLAIE MAIN FACE PALMAIRE AVEC LESION TENDINEUSE ET/OU MUSCULAIRE (MEARY 37473)"
"S7200";"FRACTURE FERMEE DU COL DU FEMUR (MEARY 43160) (U351F)"
"S7290";"FRACTURE DU FEMUR FERMEE, PARTIE NON PRECISEE"
"S819";"PLAIE OUVERTE DE LA JAMBE, PARTIE NON PRECISEE (MEARY 16175)"
"S8280";"FRACTURE TRIMALLEOLAIRE FERMEE SAI"
"S8290";"FRACTURE FERMEE DE LA JAMBE, PARTIE NON PRECISEE (MEARY 47920)"
"S8291";"FRACTURE DE JAMBE RECENTE : OUVERTE (MEARY 47940 + 09380)"
"S836";"ENTORSE GENOU SAI"
"T0290";"FRACTURES FERMEES MULTIPLES, SANS PRECISION (POLYTRAUMATISME OSSEUX) (U510)"
"T07";"LESIONS TRAUMATIQUES MULTIPLES, SANS PRECISION (POLYTRAUMATISME) (MEARY 02140) (U511)"
"T130";"CONTUSION - HEMATOME MEMBRE INFERIEUR (MEARY 16204) (U505MI)"
"T202";"BRULURE TETE ET COU (DEUXIEME DEGRE) (MEARY 70640 + 01932)"
"T203";"BRULURE TETE ET COU (TROISIEME DEGRE) (MEARY 70640 + 01933)"
"T213";"BRULURE TRONC (TROISIEME DEGRE) (MEARY 01880)"
"T223";"BRULURE BRAS ET AVANT-BRAS (TROISIEME DEGRE)"
"T232";"BRULURE MAIN (DEUXIEME DEGRE) (MEARY 37760 + 01932)"
"T233";"BRULURE POIGNET ET MAIN (TROISIEME DEGRE) (MEARY 37768 + 01933)"
"T243";"BRULURE MEMBRE INFERIEUR (DEGRE 3) (SAUF CHEVILLE ET PIED)"
"T250";"BRULURE PIED (CHEVILLE) (PHALANGES) (DEGRE NON PRECISE)"
"T360";"PENICILLINE (ACCIDENT, INTOXICATION DUE A...)"
"T375";"ANTI-VIRAUX (ACCIDENT, INTOXICATION DUE A...)"
"T390";"ASPIRINE (ACCIDENT, INTOXICATION DUE A...)"
"T393";"PARACETAMOL (ACCIDENT, INTOXICATION DUE A...)"
"T402";"MORPHINE (ACCIDENT, INTOXICATION DUE A...)"
"T407";"HASCHISCH - CANNABIS (ACCIDENT, INTOXICATION DUE A...)"
"T424";"BENZODIAZEPINES (ACCIDENT, INTOXICATION DUE A...)"
"T430";"ANTIDEPRESSEURS TRICYCLIQUES (ACCIDENT, INTOXATION DUE A...)"
"T435";"NEUROLEPTIQUES (ACCIDENT, INTOXICATION DUE A...)"
"T451";"CHIMIOTHERAPIE ANTICANCEREUSE (ACCIDENT, INTOXICATION DUE A...)"
"T455";"SURDOSAGE ANTI-VITAMINES K (AVK)"
"T465";"ANTIHYPERTENSEUR SAI (ACCIDENT, INTOXICATION DUE A...)"
"T508";"PRODUITS DE CONTRASTE IODES (ACCIDENT, INTOXICATION DUE A ...)"
"T509";"INTOXICATION MEDICAMENTEUSE SAI (U1011)"
"T519";"ALCOOL SAI (ACCIDENT, INTOXICATION DUE A ...)"
"T58";"INTOXICATION AU CO (MONOXYDE DE CARBONE)"
"T599";"EFFET TOXIQUE D'EMANATION, GAZ ET FUMEE, SANS PRECISION (INHALATION, ...)"
"T68";"HYPOTHERMIE ASSOCIEE A UNE BAISSE DE LA TEMPERATURE AMBIANTE (ACCIDENTELLE) (U1008)"
"T784";"ALLERGIE, SANS PRECISION (U1012)"
"T791";"EMBOLIE GRAISSEUSE (CHOLESTEROL) (MEARY 19350)"
"T810";"HEMORRAGIE - HEMATOME COMPLIQUANT UN ACTE A VISEE THERAPEUTIQUE OU DIAGNOSTIQUE"
"T814";"INFECTION IATROGENE"
"T818";"COMPLICATIONS (SEQUELLES ) NEUROLOGIQUES"
"T821";"DYSFONCTION DE DEFIBRILLATEUR"
"T827";"INFECTION SUR CATHETER"
"T828";"COMPLICATION DE PROTHESE SAI : HEMORRAGIE"
"T836";"INFECTION ET REACTION INFLAMMATOIRE DUES A UNE PROTHESE, UN IMPLANT ET UNE GREFFE DE L'APPAREIL GENITAL"
"T845";"GENOU : COMPLICATION INFECTIEUSE SUR PROTHESE (MEARY 45753)"
"T846";"INFECTION OU INFLAMMATION DE MATERIEL D'OSTEOSYNTHESE"
"T857";"INFECTION DU MATERIEL DE DERIVATION DU LCR (LIQUIDE CEPAHLO-RACHIDIEN)"
"T858";"HEMATOME SOUS CAPSULAIRE DE GREFFON RENAL"
"T861";"REJET CHRONIQUE DE GREFFE RENALE"
"T869";"GRAFT-VERSUS-HOST SYNDROME (GVH) - REACTION DU GREFFON CONTRE L'HOTE"
"T887";"ACCIDENT THERAPEUTIQUE - EFFET IATROGENE MEDICAMENTEUX"
"T888";"FISTULE ANASTOMOTIQUE POST-CHIRURGICALE"
"T889";"COMPLICATIONS POST-OPERATOIRES SAI (MEARY 04210)"
"T922";"SEQUELLES DE FRACTURE DU POIGNET"
"T931";"SEQUELLES : FRACTURE DIAPHYSE FEMORALE (MEARY 45110)"
"T932";"SEQUELLES DE FRACTURE TIBIA  (MEARY 46280)"
"T959";"SEQUELLES DE BRULURES PEAU ET TISSU SOUS-CUTANE"
"T981";"SEQUELLES DES EFFETS ADVERSES DES RADIATIONS"
"V499";"ACCIDENT DE LA VOIE PUBLIQUE (AVP) VEHICULE LEGER (VL) (UAC14)"
"V892";"ACCIDENT DE LA CIRCULATION SAI (ROUTE - VOIE PUBLIQUE - AVP) (MEARY 01650)"
"W199";"CHUTE SAI"
"W26";"PLAIE PAR ARME BLANCHE"
"W54";"MORSURE DE CHIEN"
"X59";"ACCIDENT TRAVAIL SAI (MEARY 01660)"
"X619";"TENTATIVE DE SUICIDE (TS) PAR SEDATIFS ET HYPNOTIQUES"
"X649";"TENTATIVE DE SUICIDE (TS) PAR DES MEDICAMENTS, SANS PRECISION"
"X699";"AUTO-INTOXICATION (TS) PAR DES PRODUITS CHIMIQUES ET SUBSTANCES NOCIVES ET EXPOSITION À CES PRODUITS, AUTRES ET SANS PRÉCISION, LIEU NON PRÉCISÉ"
"Y079";"MALTRAITANCE (AGRESSION PAR UNE PERSONNE NON PRECISEE)"
"Y420";"CORTICO-DEPENDANCE"
"Y431";"Effets indesirables des antimetabolites antitumoraux (chimiotherapie)"
"Y433";"EFFET ADVERSE DE CHIMIOTHERAPIE ANTICANCEREUSE"
"Y442";"EFFET ADVERSE DES ANTICOAGULANTS MALGRE USAGE CORRECT"
"Y95";"FACTEURS NOSOCOMIAUX (NOSOCOMIAL)"
"Z008";"BILAN D'EXTENSION (PRETHERAPEUTIQUE)"
"Z016";"SCANNER OU IRM (SEJOUR POUR...)"
"Z018";"BIOPSIE DE CONTROLE : REIN (RENALE)"
"Z031";"SUSPICION DE TUMEUR MALIGNE DE L'ESTOMAC (CANCER GASTRIQUE) (RESULTAT NEGATIF)"
"Z039";"MISE EN OBSERVATION"
"Z048";"SUIVI D'UN PATIENT INCLUS DANS UN PROTOCOLE THERAPEUTIQUE (SEJOUR POUR...)"
"Z081";"SURVEILLANCE POST-RADIOTHERAPIE ANTI-CANCEREUSE (APRES TRAITEMENT)"
"Z089";"EXAMEN DE SURVEILLANCE APRES PROTOCOLE DE TRAITEMENT CARCINOLOGIQUE"
"Z090";"SURVEILLANCE POST HEMICOLECTOMIE"
"Z098";"SEJOUR POUR CORONAROGRAPHIE APRES TRAITEMENT"
"Z099";"SURVEILLANCE APRES TRAITEMENT (SEJOUR POUR ...)"
"Z206";"SUJET EXPOSE AU VIH (CONTAMINATION SEXUELLE)"
"Z21";"INFECTION ASYMPTOMATIQUE PAR LE VIH"
"Z305";"ABLATION STERILET"
"Z312";"PONCTION FOLLICULES OVARIENS (FIV) (SEJOUR POUR ...)"
"Z33";"GROSSESSE CONSTATÉ FORTUITEMENT (GROSSESSE NON SUIVIE)"
"Z350";"GROSSESSE A HAUT RISQUE (GHR) AVEC ANTECEDENT DE STERILITE (SURVEILLANCE DE ...)"
"Z351";"GROSSESSE A HAUT RISQUE (GHR) AVEC ANTECEDENT D'AVORTEMENT (IVG) (SURVEILLANCE DE ...)"
"Z354";"GROSSESSE A HAUT RISQUE (GHR) CHEZ GRANDE MULTIPARE (SURVEILLANCE DE...)"
"Z358";"GROSSESSE A HAUT RISQUE (GHR) INDUITE (SURVEILLANCE DE ...)"
"Z359";"SURVEILLANCE DE GROSSESSE A RISQUE NON PRECISE (ANTEPARTUM)"
"Z370";"NAISSANCE UNIQUE ENFANT VIVANT (MERE)"
"Z372";"NAISSANCE GEMELLAIRE ENFANTS VIVANTS (MERE)"
"Z373";"NAISSANCE GEMELLAIRE UN VIVANT UN MORT-NE (MERE)"
"Z375";"NAISSANCE MULTIPLE ENFANTS VIVANTS (MERE)"
"Z380";"NAISSANCE UNIQUE (NOUVEAU-NE)"
"Z383";"NAISSANCE GEMELLAIRE AUTRE JUMEAU VIVANT (NOUVEAU-NE)"
"Z450";"SEJOUR POUR MISE EN PLACE, REAJUSTEMENT OU ABLATION DE STIMULATEUR CARDIAQUE (PACE-MAKER)"
"Z452";"PORTACATH (SEJOUR POUR MISE EN PLACE, SURVEILLANCE, ABLATION,...)"
"Z4588";"SEJOUR POUR MISE EN PLACE, REAJUSTEMENT OU ABLATION DE DEFIBRILLATEUR IMPLANTABLE"
"Z466";"SONDE URINAIRE (SEJOUR POUR MISE EN PLACE, REAJUSTEMENT, SURVEILLANCE...)"
"Z470";"ABLATION, MODIFICATION DE MATERIEL D'OSTEOSYNTHESE (AMO - SEJOUR POUR)  (MEARY 08210)"
"Z490";"CREATION D'ABORD VASCULAIRE (NEPHROLOGIE) (SEJOUR POUR...)"
"Z491";"HEMODIALYSE - DIALYSE RENALE (SEJOUR POUR...)"
"Z501";"AUTOSONDAGES INTERMITTENTS (APPRENTISSAGE)"
"Z5101";"SEANCE D'IRRADIATION (RADIOTHERAPIE)"
"Z511";"CHIMIOTHERAPIE ANTI-CANCEREUSE (ANTI-MITOTIQUE) (SEJOUR POUR...)"
"Z512";"IMMUNOTHERAPIE (SEJOUR POUR ...)"
"Z513";"TRANSFUSION SANGUINE (SEJOUR POUR ...)"
"Z515";"SOINS PALLIATIFS"
"Z518";"NUTRITION PARENTERALE (SEJOUR POUR ...)"
"Z532";"INOBSERVANCE DU TRAITEMENT"
"Z609";"PROBLEME SOCIAL SAI (U1302)"
"Z640";"GROSSESSE NON DESIREE"
"Z713";"SURVEILLANCE ET CONSEILS DIETETIQUES"
"Z7400";"ETAT GRABATAIRE"
"Z749";"PERTE D'AUTONOMIE"
"Z751";"PLACEMENT (PERSONNE EN ATTENTE D'ADMISSION DANS UN AUTRE ETABLISSEMENT)"
"Z803";"ANTECEDENTS FAMILIAUX TUMEUR MALIGNE (CANCER) SEIN"
"Z824";"ANTECEDENTS FAMILIAUX DE MYOCARDIOPATHIE HYPERTROPHIQUE"
"Z850";"ANTECEDENTS PERSONNELS DE TUMEUR MALIGNE DU COLON"
"Z851";"ANTECEDENTS PERSONNELS DE TUMEUR MALIGNE BRONCHOPULMONAIRE"
"Z853";"ANTECEDENTS PERSONNELS DE TUMEUR MALIGNE (CANCER) DU SEIN"
"Z854";"ANTECEDENTS PERSONNELS DE TUMEUR MALIGNE (CANCER) DU TESTICULE"
"Z856";"ANTECEDENTS PERSONNELS DE LEUCEMIE"
"Z857";"ANTECEDENTS PERSONNELS DE LYMPHOME MALIN NON HODGKINIEN (LMNH)"
"Z858";"ANTECEDENTS PERSONNELS DE TUMEUR MALIGNE DE LA THYROIDE"
"Z859";"ANTECEDENTS PERSONNELS DE TUMEUR MALIGNE SAI"
"Z861";"ANTECEDENTS PERSONNELS DE PALUDISME"
"Z862";"ANTECEDENTS PERSONNELS DE SARCOIDOSE"
"Z864";"ANTECEDENTS PERSONNELS D'ETHYLISME CHRONIQUE (EXOGENOSE)"
"Z866";"ANTECEDENTS PERSONNELS DE SYNDROME DU CANAL CARPIEN"
"Z867";"ANTECEDENTS PERSONNELS DE PHLEBITE"
"Z870";"ANTECEDENTS PERSONNELS D'ASTHME BRONCHIQUE"
"Z871";"ANTECEDENTS PERSONNELS DE POLYPES (COLON)"
"Z874";"ANTECEDENTS PERSONNELS DE PROLAPSUS GENITAL"
"Z877";"ANTECEDENTS PERSONNELS DE LUXATION CONGENITALE DE HANCHE"
"Z878";"ANTECEDENTS PERSONNELS DE TRAUMATISME CRANIEN"
"Z902";"ANTECEDENT PERSONNEL DE LOBECTOMIE PULMONAIRE (POUMONS)"
"Z904";"ANTECEDENT DE SPLENECTOMIE"
"Z905";"ANTECEDENT DE NEPHRECTOMIE (ABSENCE ACQUISE REIN)"
"Z906";"ANTECEDENT DE PROSTATO-CYSTECTOMIE TOTALE"
"Z907";"ANTECEDENT DE PROSTATECTOMIE"
"Z908";"ANTECEDENT DE THYROIDECTOMIE"
"Z923";"ANTECEDENT DE RADIOTHERAPIE"
"Z924";"ANTECEDENTS PERSONNELS DE CHIRURGIE CARDIAQUE SUR MALFORMATION CONGENITALE"
"Z930";"TRACHEOSTOMIE (SUJET PORTEUR DE)"
"Z932";"ILEOSTOMIE (SUJET PORTEUR DE)"
"Z933";"COLOSTOMIE (SUJET PORTEUR DE)"
"Z936";"VESSIE DE BRICKER (SUJET PORTEUR DE ...)"
"Z940";"PRESENCE DE GREFFE RENALE (SURVEILLANCE, ADMISSION POUR, SUJET PORTEUR, ... ) (TRANSPLANT - REIN) (MEARY 04123)"
"Z941";"PRESENCE DE GREFFE DU COEUR (SURVEILLANCE, ADMISSION POUR, SUJET PORTEUR, ... )"
"Z942";"PRESENCE DE GREFFE DU POUMON (SURVEILLANCE, ADMISSION POUR, SUJET PORTEUR, ... )"
"Z944";"PRESENCE DE GREFFE DE FOIE (SURVEILLANCE, ADMISSION POUR, SUJET PORTEUR, ... ) (HEPATIQUE)"
"Z947";"PRESENCE DE GREFFE DE CORNEE (SURVEILLANCE, ADMISSION POUR, SUJET PORTEUR, ... )"
"Z94800";"PRESENCE D'AUTOGREFFE DE CELLULES SOUCHES HEMATOPOIETIQUES"
"Z94801";"PRESENCE D'ALLOGREFFE DE CELLULES SOUCHES HEMATOPOIETIQUES"
"Z950";"PORTEUR DE STIMULATEUR CARDIAQUE (PACE-MAKER) - ENTRAINEMENT ELECTROSYSTOLIQUE"
"Z951";"PONTAGE CORONAIRE (ANTECEDENT DE...)"
"Z952";"PROTHESE DE VALVULE CARDIAQUE (SUJET PORTEUR DE)"
"Z955";"ANGIOPLASTIE CORONAIRE (ANTECEDENT DE...)"
"Z958";"PONTAGE AORTO-FEMORAL (ANTECEDENT DE...)"
"Z959";"PONTAGE ARTERIEL SAI (ANTECEDENT DE ...)"
"Z960";"SONDE DOUBLE J (SUJET PORTEUR DE)"
"Z961";"PSEUDOPHAKIE -  CRISTALLIN ARTIFICIEL (SUJET PORTEUR DE)"
"Z963";"LARYNX ARTIFICIEL - IMPLANT PHONATOIRE (SUJET PORTEUR DE...)"
"Z964";"PORTEUR DE POMPE A INSULINE"
"Z966";"PROTHESE ARTICULAIRE HANCHE (SUJET PORTEUR DE ...)"
"Z968";"PROTHESE MAMMAIRE (SUJET PORTEUR DE)"
"Z981";"PRESENCE D'ARTHRODESE"
"Z991+1";"SUJET DEPENDANT D'UN RESPIRATEUR : VENTILATION PAR MASQUE NASAL"
"Z991+8";"SEVRAGE DE RESPIRATEUR (VENTILATION ARTIFICIELLE)"
"Z992";"DÉPENDANCE ENVERS UNE DIALYSE RÉNALE"
"Z992+0";"DEPENDANCE ENVERS UNE HEMODIALYSE RENALE (PATIENT DIALYSE CHRONIQUE)"
"Z998";"SUJET DEPENDANT D'OXYGENE (EXTRACTEUR D'O2)"
